gene,ensg,n_directions,n_total_gwas,n_immune_assoc,min_immune_pvalue,immune_traits,example_study,has_genetic_support,n_immune_disease_assoc,dis_min_pvalue,disease_categories,max_neglog10_immune_p,dis_max_neglog10_p
PTPN2,ENSG00000175354,2,166,96,8e-28,"rheumatoid arthritis; Rheumatoid arthritis; inflammatory bowel disease; Crohn disease; type 1 diabetes mellitus; Type 1 diabetes; psoriasis; Crohn's disease; Inflammatory bowel disease; ulcerative colitis; eosinophil count; Eosinophil count; celiac disease; autoimmune thyroid disease; rheumatoid factor seropositivity measurement; Rheumatoid arthritis (rheumatoid factor and/or anti-cyclic citrullinated peptide seropositive); Inflammatory bowel disease (MTAG); Celiac disease; ankylosing spondylitis; Chronic inflammatory diseases (ankylosing spondylitis, Crohn's disease, psoriasis, primary sclerosing cholangitis, ulcerative colitis) (pleiotropy); autoimmune disease; Rheumatoid arthritis or type 1 diabetes; Ulcerative colitis; systemic-onset juvenile idiopathic arthritis; rheumatoid factor-negative juvenile idiopathic arthritis; oligoarticular juvenile idiopathic arthritis; Juvenile idiopathic arthritis (oligoarticular or rheumatoid factor-negative polyarticular); eosinophil percentage of leukocytes; Psoriasis (PheCode 696.4); Psoriasis and related disorder (PheCode 696); psoriasis vulgaris; Psoriasis vulgaris (PheCode 696.41); Autoimmune thyroid disease; lymphocyte count; Lymphocyte count; Psoriasis; Hypothyroidism or rheumatoid arthritis (pleiotropy); Inflammatory skin disease; Autoimmune hypothyroidism; Autoimmune traits; Autoimmune traits (pleiotropy); Celiac disease and Rheumatoid arthritis; Eosinophil percentage of white cells; Celiac disease or Rheumatoid arthritis; immune system disorder; systemic lupus erythematosus; Systemic lupus erythematosus (MTAG); dermatitis; Atopic/contact dermatitis due to other or unspecified (PheCode 939); Graves' disease; Graves disease; Vitiligo; vitiligo; Rheumatoid arthritis (ACPA-positive); Crohn's disease x sex interaction (2df); atopic eczema; age of onset of type 1 diabetes mellitus; Age of onset of type 1 diabetes; Inflammatory bowel disease x sex interaction (2df); Inflammatory bowel disease (Tractor method with European ancestry)",GCST003043|PMID:26192919|Liu JZ,True,88,8e-28,IBD(28); RA(26); other-autoimmune(15); T1D(14); psoriasis(12); asthma-allergy(2); SLE(1),27.096910013008056,27.096910013008056
IL2RA,ENSG00000134460,2,312,118,3.0000000000000003e-56,"lymphocyte count; rheumatoid arthritis; asthma; eosinophil count; Asthma; Eosinophil count; Rheumatoid arthritis; psoriasis; Lymphocyte count; Eczematoid dermatitis; type 1 diabetes mellitus; Eczema; Allergic disease (asthma, hay fever or eczema); Crohn disease; autoimmune thyroid disease; multiple sclerosis; Multiple sclerosis; Type 1 diabetes; allergic rhinitis; allergic disease; ankylosing spondylitis; Chronic inflammatory diseases (ankylosing spondylitis, Crohn's disease, psoriasis, primary sclerosing cholangitis, ulcerative colitis) (pleiotropy); ulcerative colitis; rheumatoid factor seropositivity measurement; Rheumatoid arthritis (rheumatoid factor and/or anti-cyclic citrullinated peptide seropositive); dermatitis; Atopic/contact dermatitis due to other or unspecified (PheCode 939); lymphocyte percentage of leukocytes; Lymphocyte count (UKB data field 30120); Hay fever and/or eczema; Autoimmune thyroid disease; eosinophil percentage of leukocytes; Skin condition (ex. Eczema, Psoriasis); lymphocyte (absolute count, maximum, inv-norm transformed); Alopecia areata; alopecia areata; lymphocyte (absolute count, mean, inv-norm transformed); Lymphocyte-to-monocyte ratio; lymphocyte:monocyte ratio; Graves' disease; Graves disease; Lymphocytic thyroiditis; Hashimoto thyroiditis; Seborrheic dermatitis (PheCode 690.1); seborrheic dermatitis; Psoriasis and related disorder (PheCode 696); psoriasis vulgaris; Psoriasis vulgaris (PheCode 696.41); Psoriasis (PheCode 696.4); Autoimmune hypothyroidism; Lymphocyte percentage (UKB data field 30180); Lymphocyte percentage of white cells; Vitiligo; vitiligo; neutrophil-to-lymphocyte ratio; Neutrophil-to-lymphocyte ratio; lymphocyte amount; Rheumatoid arthritis or type 1 diabetes; Takes medication for Skin condition (ex. Eczema, Psoriasis)?; autoimmune disease; Autoimmune traits; atopic eczema; Atopic dermatitis; Platelet-to-lymphocyte ratio; platelet-to-lymphocyte ratio; lymphocyte (fraction, mean, inv-norm transformed); Eosinophil percentage of white cells; lymphocyte (fraction, maximum, inv-norm transformed); Rheumatoid arthritis (MTAG); childhood onset asthma; Asthma (childhood onset); Asthma or chronic rhinosinusitis; atopic asthma; Atopic asthma; Crohn's disease; juvenile idiopathic arthritis; Arthritis (juvenile idiopathic); level of lymphocyte antigen 96 in blood; adult onset asthma; Asthma (adult onset); Psoriasis; inflammatory bowel disease; Inflammatory bowel disease; eosinophil (fraction, mean, inv-norm transformed); ACPA-positive rheumatoid arthritis",GCST90837324|PMID:41748903|Reeve MP,True,74,3.0000000000000003e-56,asthma-allergy(31); other-autoimmune(15); psoriasis(13); RA(13); IBD(5); T1D(4); MS(3),55.52287874528034,55.52287874528034
STAT6,ENSG00000166888,3,139,79,2.9999999999999996e-39,"asthma; Asthma; eosinophil count; Eosinophil count; allergic disease; childhood onset asthma; adult onset asthma; Asthma (childhood onset); Asthma (adult onset); eosinophil percentage of leukocytes; Eczematoid dermatitis; Allergic disease (asthma, hay fever or eczema); eosinophil (absolute count, mean, inv-norm transformed); eosinophil (fraction, mean, inv-norm transformed); allergic rhinitis; eosinophil (absolute count, maximum, inv-norm transformed); atopic asthma; Atopic asthma; eosinophil (fraction, maximum, inv-norm transformed); Asthma in any disease; serum IgE amount; IgE levels; Eosinophil percentage of white cells; Non-steroidal anti-inflammatory and antirheumatic product use measurement; Medication use (anti-inflammatory and antirheumatic products, non-steroids); Nonatopic asthma; Allergic sensitization; allergic sensitization measurement; atopic eczema; Atopic dermatitis; Eczema; Hay fever and/or eczema; Age of onset of childhood onset asthma; age of onset of childhood onset asthma; Age of onset of adult onset asthma; age of onset of asthma; Eosinophil percentage of granulocytes; eosinophil percentage of granulocytes; Sum eosinophil basophil counts; Asthma or chronic rhinosinusitis; Asthma (moderate or severe); Asthma or allergic disease (pleiotropy); Pediatric asthma; Allergic disease (asthma, hay fever and/or eczema) (age of onset); Allergic disease (asthma, hay fever and/or eczema) (multivariate analysis); Asthma onset (childhood vs adult); B-cell lymphoblastic leukemia or adult-onset asthma (pleiotropy); Allergy; Adult asthma",GCST010043|PMID:32296059|Han Y,True,55,2.9999999999999996e-39,asthma-allergy(55),38.52287874528034,38.52287874528034
IL4R,ENSG00000077238,3,117,77,2.9999999999999996e-49,"asthma; eosinophil count; Asthma; Eosinophil count; childhood onset asthma; eosinophil percentage of leukocytes; Asthma (childhood onset); Eosinophil percentage of white cells; Serum IgE levels; adult onset asthma; Asthma (adult onset); eosinophil (absolute count, mean, inv-norm transformed); eosinophil (absolute count, maximum, inv-norm transformed); eosinophil (absolute count, minimum, inv-norm transformed); Nonatopic asthma; Eczematoid dermatitis; ulcerative colitis; Ulcerative colitis; serum IgE amount; Autoimmune hypothyroidism; autoimmune thyroid disease; eosinophil (fraction, mean, inv-norm transformed); Asthma or chronic rhinosinusitis; eosinophil (fraction, maximum, inv-norm transformed); Age of onset of childhood onset asthma; age of onset of childhood onset asthma; Psoriasis; psoriasis; eosinophil (fraction, minimum, inv-norm transformed); Pediatric asthma; atopic asthma; Atopic asthma; Asthma in any disease; Sum eosinophil basophil counts; Hay fever and/or eczema; allergic rhinitis; Asthma onset (childhood vs adult); Eczema; Vitiligo; vitiligo; Chronic inflammatory sinonasal disease; inflammatory bowel disease; Inflammatory bowel disease; IgE levels; allergic disease; Self-reported allergy; Asthma (time to onset)",GCST90002302|PMID:32888493|Chen MH,True,48,2e-34,asthma-allergy(42); IBD(3); other-autoimmune(2); psoriasis(1),48.52287874528034,33.69897000433602
CD247,ENSG00000198821,3,173,56,2e-25,"asthma; Asthma; eosinophil count; Eosinophil count; systemic sclerosis; Systemic sclerosis; adult onset asthma; Asthma (adult onset); Eczematoid dermatitis; Allergic disease (asthma, hay fever or eczema); allergic rhinitis; allergic disease; childhood onset asthma; Asthma (childhood onset); autoimmune thyroid disease; eosinophil percentage of leukocytes; atopic asthma; Atopic asthma; Eczema; Autoimmune hypothyroidism; Hay fever and/or eczema; Eosinophil percentage of white cells; leukocyte quantity; eosinophil (fraction, mean, inv-norm transformed); Asthma or chronic rhinosinusitis; Age of onset of adult onset asthma; age of onset of asthma; Celiac disease or Rheumatoid arthritis; immune system disorder; Age of onset of childhood onset asthma; age of onset of childhood onset asthma; Asthma or allergic disease (pleiotropy); atopic eczema; Atopic dermatitis; Autoimmune thyroid disease; Allergic rhinitis; Asthma (moderate or severe); Juvenile idiopathic arthritis; juvenile idiopathic arthritis; Asthma in any disease; celiac disease; Celiac disease; rheumatoid arthritis; Rheumatoid arthritis",GCST007075|PMID:30595370|Kichaev G,True,46,2e-25,asthma-allergy(35); other-autoimmune(9); RA(2),24.69897000433602,24.69897000433602
IL7R,ENSG00000168685,2,227,111,3e-144,"eosinophil count; lymphocyte count; asthma; Asthma; leukocyte quantity; Eosinophil count; Lymphocyte count; lymphocyte amount; atopic eczema; Atopic dermatitis; Eczematoid dermatitis; lymphocyte percentage of leukocytes; allergic rhinitis; multiple sclerosis; Eczema; eosinophil percentage of leukocytes; Allergic disease (asthma, hay fever or eczema); allergic disease; Multiple sclerosis; Lymphocyte percentage of white cells; Eosinophil percentage of white cells; lymphocyte (fraction, maximum, inv-norm transformed); lymphocyte (fraction, mean, inv-norm transformed); Lymphocyte side scatter; eosinophil (absolute count, mean, inv-norm transformed); Allergic rhinitis; eosinophil (fraction, mean, inv-norm transformed); eosinophil (absolute count, maximum, inv-norm transformed); autoimmune thyroid disease; myeloid leukocyte count; eosinophil (fraction, maximum, inv-norm transformed); eosinophil (absolute count, minimum, inv-norm transformed); Lymphocyte count (UKB data field 30120); Lymphocyte percentage (UKB data field 30180); Hay fever and/or eczema; lymphocyte (absolute count, maximum, inv-norm transformed); lymphocyte (absolute count, mean, inv-norm transformed); Platelet-to-lymphocyte ratio; platelet-to-lymphocyte ratio; neutrophil-to-lymphocyte ratio; Neutrophil-to-lymphocyte ratio; Lymphocyte side fluorescence distribution width; Lymphocyte-to-monocyte ratio; lymphocyte:monocyte ratio; Lymphocyte side fluorescence; lymphocyte (absolute count, minimum, inv-norm transformed); Autoimmune hypothyroidism; Reactive lymphocyte percentage of white cells; Reactive lymphocyte count; Asthma or chronic rhinosinusitis; Sum eosinophil basophil counts; seasonal allergic rhinitis; Eosinophil percentage of granulocytes; eosinophil percentage of granulocytes; T-lymphocyte surface antigen Ly-9 level; Asthma or allergic disease (pleiotropy); systemic lupus erythematosus; Systemic lupus erythematosus (MTAG); Skin condition (ex. Eczema, Psoriasis); adult onset asthma; Asthma (adult onset); atopic asthma; Atopic asthma; Type 1 diabetes; type 1 diabetes mellitus; Autoimmune thyroid disease; Age of onset of adult onset asthma; age of onset of asthma; Allergic conjunctivitis; atopic conjunctivitis; Vasomotor rhinitis or allergic rhinitis (MTAG); Lymphocyte side scatter distribution width; Multiple sclerosis (MTAG); Asthma in any disease; Psoriasis; psoriasis; Chronic inflammatory sinonasal disease",GCST90002320|PMID:32888493|Chen MH,True,44,3e-99,asthma-allergy(35); MS(4); other-autoimmune(2); psoriasis(2); SLE(1); T1D(1),143.52287874528034,98.52287874528034
SMARCE1,ENSG00000073584,3,69,62,3e-68,"eosinophil count; asthma; Eczematoid dermatitis; Eosinophil count; allergic disease; Asthma; lymphocyte count; Eczema; allergic rhinitis; Allergic disease (asthma, hay fever or eczema); atopic eczema; Atopic dermatitis; eosinophil percentage of leukocytes; lymphocyte percentage of leukocytes; childhood onset asthma; Asthma (childhood onset); Type 1 diabetes; type 1 diabetes mellitus; Eosinophil percentage of white cells; Hay fever and/or eczema; eosinophil (absolute count, mean, inv-norm transformed); eosinophil (absolute count, maximum, inv-norm transformed); Lymphocyte percentage of white cells; Lymphocyte count; atopic asthma; Atopic asthma; Lymphocyte percentage (UKB data field 30180); Lymphocyte count (UKB data field 30120); Allergic rhinitis; Asthma or allergic disease (pleiotropy); eosinophil (fraction, maximum, inv-norm transformed); Allergic disease (asthma, hay fever and/or eczema) (multivariate analysis); ulcerative colitis; Ulcerative colitis; Allergic disease (asthma, hay fever and/or eczema) (age of onset); Sum eosinophil basophil counts; dermatitis; Atopic/contact dermatitis due to other or unspecified (PheCode 939); inflammatory bowel disease; Inflammatory bowel disease; Asthma (age of onset); Eosinophil percentage of granulocytes; eosinophil percentage of granulocytes; Allergic conjunctivitis; atopic conjunctivitis",GCST007075|PMID:30595370|Kichaev G,True,37,3e-68,asthma-allergy(32); T1D(3); IBD(2),67.52287874528034,67.52287874528034
STAT3,ENSG00000168610,2,94,37,9e-40,"inflammatory bowel disease; Crohn disease; Inflammatory bowel disease; atopic eczema; Atopic dermatitis; Crohn's disease; multiple sclerosis; Multiple sclerosis; ulcerative colitis; Ulcerative colitis; Inflammatory bowel disease (MTAG); ankylosing spondylitis; psoriasis; Chronic inflammatory diseases (ankylosing spondylitis, Crohn's disease, psoriasis, primary sclerosing cholangitis, ulcerative colitis) (pleiotropy); Multiple sclerosis (MTAG); atopic asthma; Atopic asthma; systemic sclerosis; Crohn's disease or systemic sclerosis; systemic lupus erythematosus; Systemic lupus erythematosus",GCST90292538|PMID:37156999|Liu Z,True,37,9e-40,IBD(22); asthma-allergy(8); MS(6); other-autoimmune(2); psoriasis(1); SLE(1),39.045757490560675,39.045757490560675
COG6,ENSG00000133103,2,92,52,5e-40,"rheumatoid arthritis; eosinophil count; Rheumatoid arthritis; Eosinophil count; asthma; Asthma; Psoriasis; psoriasis; eosinophil percentage of leukocytes; rheumatoid factor seropositivity measurement; Rheumatoid arthritis (rheumatoid factor and/or anti-cyclic citrullinated peptide seropositive); Eosinophil percentage of white cells; systemic lupus erythematosus; adult onset asthma; Asthma (adult onset); Rheumatoid arthritis (ACPA-positive); multiple sclerosis; Multiple sclerosis; eosinophil (fraction, mean, inv-norm transformed); Asthma or chronic rhinosinusitis; eosinophil (fraction, maximum, inv-norm transformed); eosinophil (absolute count, mean, inv-norm transformed); Systemic lupus erythematosus or rheumatoid arthritis; eosinophil (absolute count, maximum, inv-norm transformed); COVID-19 hospitalization or rheumatoid arthritis (MTAG); Sum eosinophil basophil counts; Eosinophil percentage of granulocytes; eosinophil percentage of granulocytes; ACPA-positive rheumatoid arthritis; Rheumatoid arthritis (MTAG); Age of onset of adult onset asthma; age of onset of asthma; Systemic lupus erythematosus (MTAG); systemic-onset juvenile idiopathic arthritis; rheumatoid factor-negative juvenile idiopathic arthritis; oligoarticular juvenile idiopathic arthritis; Juvenile idiopathic arthritis (oligoarticular or rheumatoid factor-negative polyarticular)",GCST007065|PMID:30595370|Kichaev G,True,35,9e-22,RA(18); asthma-allergy(10); psoriasis(4); SLE(2); MS(2); other-autoimmune(1),39.30102999566398,21.045757490560675
GATA3,ENSG00000107485,2,104,52,3.0000000000000002e-25,rheumatoid arthritis; asthma; Rheumatoid arthritis; eosinophil count; Eosinophil count; lymphocyte count; Asthma; Lymphocyte count; adult onset asthma; Rheumatoid arthritis (ACPA-positive); Type 1 diabetes; type 1 diabetes mellitus; eosinophil percentage of leukocytes; lymphocyte percentage of leukocytes; rheumatoid factor seropositivity measurement; Rheumatoid arthritis (rheumatoid factor and/or anti-cyclic citrullinated peptide seropositive); multiple sclerosis; Asthma (adult onset); Eosinophil percentage of white cells; Lymphocyte count (UKB data field 30120); Lymphocyte percentage (UKB data field 30180); Asthma or chronic rhinosinusitis; Lymphocyte percentage of white cells; B-cell lymphoblastic leukemia or adult-onset asthma (pleiotropy); nodular sclerosis classical Hodgkin lymphoma; Nodular sclerosis Hodgkin lymphoma; B-cell lymphoblastic leukemia or rheumatoid arthritis (pleiotropy); Multiple sclerosis; Asthma (moderate or severe); B-cell lymphoblastic leukemia or multiple sclerosis (pleiotropy); Nonatopic asthma; lymphocyte amount; inflammatory bowel disease; B-cell lymphoblastic leukemia or inflammatory bowel disease (pleiotropy); Asthma in any disease; atopic eczema; Atopic dermatitis; Autoimmune traits (pleiotropy); autoimmune disease,GCST007065|PMID:30595370|Kichaev G,True,35,6e-17,RA(15); asthma-allergy(13); T1D(3); MS(2); IBD(1); other-autoimmune(1),24.522878745280337,16.221848749616356
CD28,ENSG00000178562,3,95,50,5e-26,"eosinophil count; Eosinophil count; rheumatoid arthritis; Rheumatoid arthritis; lymphocyte count; Lymphocyte count; Asthma; asthma; celiac disease; ulcerative colitis; Celiac disease; inflammatory bowel disease; Inflammatory bowel disease; eosinophil percentage of leukocytes; Crohn disease; Ulcerative colitis; Eosinophil percentage of white cells; ankylosing spondylitis; psoriasis; Chronic inflammatory diseases (ankylosing spondylitis, Crohn's disease, psoriasis, primary sclerosing cholangitis, ulcerative colitis) (pleiotropy); Celiac disease and Rheumatoid arthritis; Serum IgE levels; eosinophil (fraction, mean, inv-norm transformed); eosinophil (fraction, maximum, inv-norm transformed); eosinophil (absolute count, mean, inv-norm transformed); Autoimmune traits (pleiotropy); autoimmune disease; eosinophil (absolute count, maximum, inv-norm transformed); multiple sclerosis; Multiple sclerosis; Eczematoid dermatitis; Eczema; Rheumatoid arthritis (ACPA-positive); Type 1 diabetes; type 1 diabetes mellitus; systemic lupus erythematosus; Systemic lupus erythematosus; Crohn's disease",GCST90002302|PMID:32888493|Chen MH,True,29,1e-20,RA(9); IBD(7); other-autoimmune(6); asthma-allergy(6); psoriasis(1); MS(1); T1D(1); SLE(1),25.30102999566398,20.0
PTPRC,ENSG00000081237,2,217,80,1e-60,"lymphocyte count; eosinophil count; leukocyte quantity; Lymphocyte count; Asthma; asthma; Eosinophil count; systemic lupus erythematosus; eosinophil percentage of leukocytes; myeloid leukocyte count; Lymphocyte count (UKB data field 30120); lymphocyte percentage of leukocytes; Systemic lupus erythematosus; Crohn disease; Crohn's disease; Eosinophil percentage of white cells; eosinophil (fraction, maximum, inv-norm transformed); eosinophil (absolute count, mean, inv-norm transformed); Graves' disease; Graves disease; Lymphocyte percentage of white cells; adult onset asthma; Asthma (adult onset); inflammatory bowel disease; Inflammatory bowel disease; Systemic lupus erythematosus (MTAG); eosinophil (fraction, mean, inv-norm transformed); Platelet-to-lymphocyte ratio; platelet-to-lymphocyte ratio; Lymphocyte percentage (UKB data field 30180); eosinophil (absolute count, maximum, inv-norm transformed); eosinophil (absolute count, minimum, inv-norm transformed); Autoimmune hypothyroidism; autoimmune thyroid disease; Eosinophil percentage of granulocytes; eosinophil percentage of granulocytes; Sum eosinophil basophil counts; Type 1 diabetes; type 1 diabetes mellitus; Age of onset of adult onset asthma; age of onset of asthma; childhood onset asthma; Pediatric asthma; Vitiligo; vitiligo; rheumatoid arthritis; Rheumatoid arthritis",GCST90662906|PMID:40436827|Jee YH,True,28,2e-15,asthma-allergy(12); IBD(5); SLE(5); other-autoimmune(4); T1D(1); RA(1),60.0,14.698970004336019
LBH,ENSG00000213626,2,71,30,1e-20,rheumatoid arthritis; systemic lupus erythematosus; Systemic lupus erythematosus; Rheumatoid arthritis; eosinophil count; Eosinophil count; rheumatoid factor seropositivity measurement; Rheumatoid arthritis (rheumatoid factor and/or anti-cyclic citrullinated peptide seropositive); Asthma; asthma; Systemic lupus erythematosus (MTAG); myeloid leukocyte count; leukocyte quantity; COVID-19 hospitalization or rheumatoid arthritis (MTAG); multiple sclerosis; Multiple sclerosis; Rheumatoid arthritis (ACPA-positive); Celiac disease or Rheumatoid arthritis; immune system disorder; Rheumatoid arthritis (MTAG); celiac disease; Celiac disease and Rheumatoid arthritis; ulcerative colitis; Ulcerative colitis (Tractor method with African ancestry),GCST011956|PMID:33272962|Yin X,True,26,1e-20,RA(14); SLE(8); asthma-allergy(2); MS(1); other-autoimmune(1); IBD(1),20.0,20.0
NFKB1,ENSG00000109320,2,121,47,1e-55,"eosinophil count; Eosinophil count; lymphocyte count; lymphocyte percentage of leukocytes; Lymphocyte percentage of white cells; ulcerative colitis; allergic rhinitis; Eczematoid dermatitis; systemic sclerosis; Systemic sclerosis; psoriasis; Lymphocyte count; myeloid leukocyte count; Ulcerative colitis; Graves' disease; Graves disease; leukocyte quantity; Eosinophil percentage of white cells; eosinophil percentage of leukocytes; allergic disease; Lymphocyte percentage (UKB data field 30180); neutrophil-to-lymphocyte ratio; Neutrophil-to-lymphocyte ratio; lymphocyte (fraction, maximum, inv-norm transformed); Crohn disease; ankylosing spondylitis; Chronic inflammatory diseases (ankylosing spondylitis, Crohn's disease, psoriasis, primary sclerosing cholangitis, ulcerative colitis) (pleiotropy); lymphocyte (fraction, mean, inv-norm transformed); Allergic rhinitis; lymphocyte (absolute count, maximum, inv-norm transformed); lymphocyte (absolute count, mean, inv-norm transformed); Lymphocyte side fluorescence distribution width; lymphocyte amount; Eczema; Allergic conjunctivitis; atopic conjunctivitis; Sum eosinophil basophil counts; Autoimmune hypothyroidism; autoimmune thyroid disease; Eosinophil percentage of granulocytes; eosinophil percentage of granulocytes; Inflammatory or infectious upper respiratory disease; Hay fever and/or eczema; Allergic disease (asthma, hay fever or eczema); asthma; Allergic disease (asthma, hay fever and/or eczema) (age of onset); Allergic disease (asthma, hay fever and/or eczema) (multivariate analysis); multiple sclerosis; Multiple sclerosis; Allergic sensitization; allergic sensitization measurement; Psoriasis",GCST90468083|PMID:39789286|Loya H,True,19,2e-18,asthma-allergy(8); other-autoimmune(7); IBD(3); psoriasis(2); MS(1),55.0,17.69897000433602
TRAF3,ENSG00000131323,2,226,36,2e-40,"lymphocyte count; Lymphocyte count; Eczematoid dermatitis; multiple sclerosis; atopic eczema; Atopic dermatitis; lymphocyte percentage of leukocytes; Multiple sclerosis; Eczema; allergic disease; Lymphocyte percentage of white cells; allergic rhinitis; Allergic disease (asthma, hay fever or eczema); asthma; eosinophil count; Lymphocyte count (UKB data field 30120); Lymphocyte percentage (UKB data field 30180); neutrophil-to-lymphocyte ratio; Neutrophil-to-lymphocyte ratio; lymphocyte amount; Hay fever and/or eczema; lymphocyte (absolute count, mean, inv-norm transformed); lymphocyte (absolute count, maximum, inv-norm transformed); eosinophil (absolute count, mean, inv-norm transformed); Allergic disease (asthma, hay fever and/or eczema) (multivariate analysis); Allergic disease (asthma, hay fever and/or eczema) (age of onset); childhood onset asthma; Asthma (childhood onset); systemic lupus erythematosus; Systemic lupus erythematosus (MTAG); Multiple sclerosis (MTAG); Asthma; Age of onset of childhood onset asthma; age of onset of childhood onset asthma; Eosinophil count; leukocyte quantity",GCST90002316|PMID:32888493|Chen MH,True,19,2.9999999999999998e-36,asthma-allergy(14); MS(4); SLE(1),39.69897000433602,35.52287874528034
TBX21,ENSG00000073861,2,79,19,2.9999999999999997e-47,asthma; Asthma; autoimmune thyroid disease; Autoimmune hypothyroidism; Autoimmune thyroid disease; lymphocyte count; Lymphocyte count; childhood onset asthma; Asthma (childhood onset); Asthma in any disease; atopic eczema; Atopic dermatitis; eosinophil count; Eosinophil count; Eczematoid dermatitis; Eczema; Age of onset of adult onset asthma; age of onset of asthma,GCST90837324|PMID:41748903|Reeve MP,True,16,2.9999999999999997e-47,asthma-allergy(12); other-autoimmune(4),46.52287874528034,46.52287874528034
SMG7,ENSG00000116698,2,45,17,3e-88,systemic lupus erythematosus; Systemic lupus erythematosus; celiac disease; rheumatoid arthritis; Celiac disease; systemic sclerosis; Systemic seropositive rheumatic diseases (Systemic sclerosis or systemic lupus erythematosus or rheumatoid arthritis or idiopathic inflammatory myopathies); Systemic lupus erythematosus (MTAG); Celiac disease and Rheumatoid arthritis; autoimmune disorder of musculoskeletal system; Lupus (localized and systemic) (PheCode 695.4); lymphocyte activation gene 3 protein level; lymphocyte amount,GCST003155|PMID:26502338|Bentham J,True,15,3e-88,SLE(13); other-autoimmune(4); RA(2),87.52287874528034,87.52287874528034
UBE2L3,ENSG00000185651,2,469,25,5e-62,"lymphocyte count; systemic lupus erythematosus; Lymphocyte count; Systemic lupus erythematosus; Crohn disease; inflammatory bowel disease; Inflammatory bowel disease; Crohn's disease; lymphocyte percentage of leukocytes; lymphocyte (fraction, maximum, inv-norm transformed); Lymphocyte count (UKB data field 30120); Systemic lupus erythematosus (MTAG); Lymphocyte percentage (UKB data field 30180); Lymphocyte percentage of white cells; lymphocyte amount; lymphocyte (fraction, mean, inv-norm transformed); ankylosing spondylitis; psoriasis; Chronic inflammatory diseases (ankylosing spondylitis, Crohn's disease, psoriasis, primary sclerosing cholangitis, ulcerative colitis) (pleiotropy); ulcerative colitis",GCST90002320|PMID:32888493|Chen MH,True,13,2e-45,IBD(7); SLE(6); other-autoimmune(1); psoriasis(1),61.30102999566398,44.69897000433602
MYC,ENSG00000136997,2,19,13,1e-23,"asthma; Asthma; childhood onset asthma; Asthma (childhood onset); Eczematoid dermatitis; allergic rhinitis; Eczema; Allergic disease (asthma, hay fever or eczema); Allergic conjunctivitis; atopic conjunctivitis; Hay fever and/or eczema; Age of onset of childhood onset asthma; age of onset of childhood onset asthma",GCST007800|PMID:30929738|Ferreira MAR,True,13,1e-23,asthma-allergy(13),23.0,23.0
MED24,ENSG00000008838,3,99,23,1e-300,Asthma and cardiovascular disease; asthma; leukocyte quantity; childhood onset asthma; Asthma (childhood onset); inflammatory biomarker measurement; Inflammatory markers and poor diet (confirmatory factor analysis Factor 30); Decreased total leukocyte count; Childhood asthma with severe exacerbations; asthma exacerbation measurement; level of lymphocyte-specific protein 1 in blood; eosinophil count; Eosinophil count,GCST90662906|PMID:40436827|Jee YH,True,12,3.0000000000000003e-30,asthma-allergy(12),385.15490195998575,29.522878745280337
BATF,ENSG00000156127,2,62,50,3e-72,"eosinophil count; Eosinophil count; lymphocyte count; Lymphocyte count; multiple sclerosis; rheumatoid arthritis; eosinophil percentage of leukocytes; Multiple sclerosis; leukocyte quantity; Rheumatoid arthritis; Eosinophil percentage of white cells; eosinophil (fraction, mean, inv-norm transformed); eosinophil (absolute count, mean, inv-norm transformed); lymphocyte percentage of leukocytes; rheumatoid factor seropositivity measurement; Rheumatoid arthritis (rheumatoid factor and/or anti-cyclic citrullinated peptide seropositive); Lymphocyte count (UKB data field 30120); eosinophil (fraction, maximum, inv-norm transformed); eosinophil (absolute count, maximum, inv-norm transformed); Lymphocyte percentage of white cells; Eosinophil percentage of granulocytes; eosinophil percentage of granulocytes; Lymphocyte percentage (UKB data field 30180); Sum eosinophil basophil counts; eosinophil (absolute count, minimum, inv-norm transformed); eosinophil (fraction, minimum, inv-norm transformed); lymphocyte amount; neutrophil-to-lymphocyte ratio; Neutrophil-to-lymphocyte ratio; atopic eczema; Atopic dermatitis; allergic disease; Allergic disease (asthma, hay fever or eczema); Multiple sclerosis (MTAG); Marginal zone lymphoma or multiple sclerosis",GCST90002302|PMID:32888493|Chen MH,True,12,6.000000000000001e-13,MS(5); RA(5); asthma-allergy(2),71.52287874528034,12.221848749616356
STAT5B,ENSG00000173757,2,56,20,5.000000000000001e-15,"eosinophil count; asthma; Asthma; Crohn disease; eosinophil (fraction, mean, inv-norm transformed); eosinophil (absolute count, mean, inv-norm transformed); Crohn's disease; eosinophil (fraction, maximum, inv-norm transformed); Asthma or irritable bowel syndrome (MTAG); lymphocyte percentage of leukocytes; Lymphocyte percentage of white cells; allergic disease; Allergic disease (asthma, hay fever or eczema); childhood onset asthma; Asthma (childhood onset); lymphocyte count; Lymphocyte count; atopic eczema; Atopic dermatitis; Eosinophil count; Crohn's disease x sex interaction (2df)",GCST90475299|PMID:39024449|Verma A,True,12,6e-14,asthma-allergy(9); IBD(3),14.301029995663981,13.221848749616356
IL2RB,ENSG00000100385,3,66,22,9e-28,"eosinophil count; rheumatoid arthritis; Eosinophil count; eosinophil percentage of leukocytes; asthma; Asthma; Rheumatoid arthritis; Eosinophil percentage of white cells; Rheumatoid arthritis (ACPA-positive); eosinophil (absolute count, mean, inv-norm transformed); Asthma or chronic rhinosinusitis; systemic-onset juvenile idiopathic arthritis; rheumatoid factor-negative juvenile idiopathic arthritis; oligoarticular juvenile idiopathic arthritis; Juvenile idiopathic arthritis (oligoarticular or rheumatoid factor-negative polyarticular); Type 1 diabetes; type 1 diabetes mellitus",GCST007065|PMID:30595370|Kichaev G,True,11,1e-15,RA(6); asthma-allergy(4); other-autoimmune(1); T1D(1),27.045757490560675,15.0
CBLB,ENSG00000114423,2,91,12,4e-34,autoimmune thyroid disease; multiple sclerosis; Multiple sclerosis; Autoimmune hypothyroidism; rheumatoid arthritis; Hypothyroidism or rheumatoid arthritis (pleiotropy); Lymphocytic thyroiditis; Hashimoto thyroiditis; Autoimmune thyroid disease; autoimmune disease; Autoimmune traits; eosinophil count; Eosinophil count,GCST90837324|PMID:41748903|Reeve MP,True,11,4e-34,other-autoimmune(6); MS(3); RA(2),33.39794000867204,33.39794000867204
INPP5D,ENSG00000168918,3,123,35,4e-39,"eosinophil count; Eosinophil count; eosinophil percentage of leukocytes; Eosinophil percentage of white cells; Eczematoid dermatitis; atopic eczema; Atopic dermatitis; eosinophil (fraction, mean, inv-norm transformed); eosinophil (fraction, maximum, inv-norm transformed); eosinophil (absolute count, mean, inv-norm transformed); eosinophil (absolute count, maximum, inv-norm transformed); eosinophil (fraction, minimum, inv-norm transformed); Allergic disease (asthma, hay fever or eczema); allergic rhinitis; Eosinophil percentage of granulocytes; eosinophil percentage of granulocytes; Eczema; Sum eosinophil basophil counts; allergic disease; Psoriasis; psoriasis; Hay fever and/or eczema; asthma",GCST90468069|PMID:39789286|Loya H,True,8,1e-14,asthma-allergy(7); psoriasis(1),38.39794000867204,14.0
MED1,ENSG00000125686,2,31,8,8e-23,asthma; Asthma in any disease; childhood onset asthma; Asthma (childhood onset); leukocyte quantity; Asthma; atopic asthma; Atopic asthma; Nonatopic asthma; systemic lupus erythematosus; Systemic lupus erythematosus,GCST009841|PMID:31669095|Zhu Z,True,7,8e-23,asthma-allergy(6); SLE(1),22.096910013008056,22.096910013008056
ITK,ENSG00000113263,3,38,8,8e-14,eosinophil count; Eosinophil count; Autoimmune hypothyroidism; autoimmune thyroid disease; Asthma; asthma; adult onset asthma; Asthma (adult onset); atopic eczema; Atopic dermatitis; multiple sclerosis; Multiple sclerosis,GCST90837324|PMID:41748903|Reeve MP,True,5,8e-14,asthma-allergy(3); other-autoimmune(1); MS(1),13.096910013008056,13.096910013008056
BHLHE40,ENSG00000134107,3,33,5,2e-13,atopic eczema; Atopic dermatitis; Autoimmune hypothyroidism; autoimmune thyroid disease; Psoriasis vulgaris; psoriasis vulgaris,GCST90837324|PMID:41748903|Reeve MP,True,5,2e-13,asthma-allergy(3); other-autoimmune(1); psoriasis(1),12.698970004336019,12.698970004336019
SGF29,ENSG00000176476,3,86,5,3e-10,"inflammatory bowel disease; allergic disease; Allergic disease (asthma, hay fever or eczema); Eczematoid dermatitis; Eczema; FVC or inflammatory bowel disease (pleiotropy); FEV1 or inflammatory bowel disease (pleiotropy)",GCST007075|PMID:30595370|Kichaev G,True,5,3e-10,asthma-allergy(3); IBD(2),9.522878745280337,9.522878745280337
IRF8,ENSG00000140968,2,180,22,8e-104,"Lymphocyte-to-monocyte ratio; lymphocyte:monocyte ratio; lymphocyte count; systemic lupus erythematosus; Systemic lupus erythematosus; lymphocyte (fraction, mean, inv-norm transformed); lymphocyte (fraction, maximum, inv-norm transformed); lymphocyte percentage of leukocytes; eosinophil count; lymphocyte amount; Lymphocyte percentage (UKB data field 30180); Sum neutrophil eosinophil counts; amount of leukocyte immunoglobulin-like receptor subfamily A member 5 (human) in blood; Lymphocyte percentage of white cells; Autoimmune hypothyroidism; autoimmune thyroid disease; lymphocyte (fraction, minimum, inv-norm transformed); Systemic lupus erythematosus (MTAG)",GCST90056181|PMID:34469753|Kachuri L,True,5,7e-28,SLE(4); other-autoimmune(1),103.09691001300806,27.154901959985743
COX19,ENSG00000240230,2,65,12,1e-15,lymphocyte count; Lymphocyte count; Crohn disease; Crohn's disease; inflammatory bowel disease; Inflammatory bowel disease; Lymphocyte count (UKB data field 30120); lymphocyte percentage of leukocytes; Lymphocyte percentage of white cells; Crohn's disease or Leprosy (opposite effect); lymphocyte amount,GCST90468082|PMID:39789286|Loya H,True,5,7e-14,IBD(5),15.0,13.154901959985743
ADAM19,ENSG00000135074,2,90,6,8e-12,asthma; Asthma; Nonatopic asthma; Asthma in any disease; Eosinophil percentage of white cells; eosinophil percentage of leukocytes; Age of onset of adult onset asthma; age of onset of asthma; Inflammatory skin disease; psoriasis,GCST90468112|PMID:39789286|Loya H,True,5,8e-12,asthma-allergy(4); psoriasis(1),11.096910013008056,11.096910013008056
RFT1,ENSG00000163933,2,107,5,1e-13,Crohn disease; Crohn's disease; Immune reponse to smallpox (secreted IL-2); multiple sclerosis; Multiple sclerosis,GCST90446792|PMID:37156999|Liu Z,True,4,1e-13,IBD(3); MS(1),13.0,13.0
STAT5A,ENSG00000126561,2,15,5,8e-11,asthma; Asthma; inflammatory bowel disease; Inflammatory bowel disease (MTAG); Asthma or chronic rhinosinusitis; leukocyte quantity; Age of onset of childhood onset asthma; age of onset of childhood onset asthma,GCST90652530|PMID:41213931|Saarentaus EC,True,4,8e-11,asthma-allergy(3); IBD(1),10.096910013008056,10.096910013008056
EMC2,ENSG00000104412,3,29,3,8e-24,androgenetic alopecia; alopecia,GCST006661|PMID:28196072|Hagenaars SP,True,3,8e-24,other-autoimmune(3),23.096910013008056,23.096910013008056
ATP2A2,ENSG00000174437,3,61,4,4e-19,Crohn disease; Crohn's disease; myeloid leukocyte count; inflammatory bowel disease; Inflammatory bowel disease,GCST90002375|PMID:32888493|Chen MH,True,3,1e-10,IBD(3),18.397940008672037,10.0
MALT1,ENSG00000172175,3,10,5,4e-13,"multiple sclerosis; eosinophil count; Multiple sclerosis; eosinophil (fraction, mean, inv-norm transformed); Eosinophil count; Multiple sclerosis (MTAG)",GCST90479605|PMID:39024449|Verma A,True,3,4.9999999999999995e-11,MS(3),12.397940008672037,10.301029995663981
CD3E,ENSG00000198851,3,24,3,5e-08,Crohn disease; Crohn's disease; Crohn's disease (Tractor method with African ancestry),GCST90446793|PMID:37156999|Liu Z,True,3,5e-08,IBD(3),7.301029995663981,7.301029995663981
COMMD7,ENSG00000149600,2,47,5,2e-18,"Lymphocyte-to-monocyte ratio; lymphocyte:monocyte ratio; ulcerative colitis; Crohn disease; ankylosing spondylitis; psoriasis; Chronic inflammatory diseases (ankylosing spondylitis, Crohn's disease, psoriasis, primary sclerosing cholangitis, ulcerative colitis) (pleiotropy); inflammatory bowel disease; Inflammatory bowel disease; Ulcerative colitis",GCST90056181|PMID:34469753|Kachuri L,True,3,4e-09,IBD(3); other-autoimmune(1); psoriasis(1),17.69897000433602,8.397940008672037
PPCDC,ENSG00000138621,2,64,9,9e-14,leukocyte quantity; Eczematoid dermatitis; lymphocyte percentage of leukocytes; Lymphocyte percentage (UKB data field 30180); myeloid leukocyte count; Eczema; lymphocyte count; Lymphocyte count; Hay fever and/or eczema; allergic rhinitis; systemic lupus erythematosus; Systemic lupus erythematosus (MTAG),GCST90468083|PMID:39789286|Loya H,True,3,2e-11,asthma-allergy(2); SLE(1),13.045757490560675,10.698970004336019
ME3,ENSG00000151376,2,103,5,3e-11,lymphocyte count; Lymphocyte count; Asthma exacerbations in inhaled corticosteroid treatment; asthma exacerbation measurement; chemotherapy-induced alopecia; Adverse response to chemotherapy in breast cancer (alopecia) (anti-microtubule),GCST90002316|PMID:32888493|Chen MH,True,3,2e-07,asthma-allergy(2); other-autoimmune(1),10.522878745280337,6.698970004336019
MFSD6,ENSG00000151690,2,40,3,1e-10,systemic lupus erythematosus; Systemic lupus erythematosus (MTAG); juvenile idiopathic arthritis; Arthritis (juvenile idiopathic); autoimmune disease; Autoimmune traits,GCST90270940|PMID:36750564|Khunsriraksakul C,True,3,1e-10,other-autoimmune(2); SLE(1),10.0,10.0
TRAF6,ENSG00000175104,2,12,4,1e-07,rheumatoid arthritis; Rheumatoid arthritis; Idiopathic inflammatory myopathy,GCST002318|PMID:24390342|Okada Y,True,3,1e-07,RA(3),7.0,7.0
CD2,ENSG00000116824,3,8,2,8e-15,Autoimmune hypothyroidism; autoimmune thyroid disease; Graves' disease; Graves disease,GCST90837324|PMID:41748903|Reeve MP,True,2,8e-15,other-autoimmune(2),14.096910013008056,14.096910013008056
HEXIM1,ENSG00000186834,3,33,2,3.0000000000000004e-08,childhood onset asthma; Asthma (childhood onset); Eczematoid dermatitis; Eczema,GCST009841|PMID:31669095|Zhu Z,True,2,3.0000000000000004e-08,asthma-allergy(2),7.522878745280337,7.522878745280337
MTG1,ENSG00000148824,3,6,2,6e-07,Type 1 diabetes; type 1 diabetes mellitus; systemic lupus erythematosus; Systemic lupus erythematosus,GCST90013791|PMID:39749473|Crouch DJM,True,2,6e-07,T1D(1); SLE(1),6.221848749616356,6.221848749616356
PTEN,ENSG00000171862,2,156,34,2e-46,"eosinophil count; leukocyte quantity; Eosinophil count; eosinophil percentage of leukocytes; Eosinophil percentage of white cells; myeloid leukocyte count; lymphocyte percentage of leukocytes; Endometriosis or asthma (pleiotropy); asthma; Sum eosinophil basophil counts; eosinophil (absolute count, mean, inv-norm transformed); eosinophil (absolute count, maximum, inv-norm transformed); Eosinophil percentage of granulocytes; eosinophil percentage of granulocytes; Lymphocyte percentage (UKB data field 30180); Lymphocyte percentage of white cells",GCST90002298|PMID:32888493|Chen MH,True,2,2e-09,asthma-allergy(2),45.69897000433602,8.698970004336019
RPRD2,ENSG00000163125,2,92,2,2e-41,atopic eczema; Atopic dermatitis,GCST90244787|PMID:37794016|Budu-Aggrey A,True,2,2e-41,asthma-allergy(2),40.69897000433602,40.69897000433602
EFR3A,ENSG00000132294,2,50,2,3e-11,drug allergy; Personal history of allergy to medicinal agents (PheCode 977); atopic eczema; Atopic dermatitis,GCST90480644|PMID:39024449|Verma A,True,2,3e-11,asthma-allergy(2),10.522878745280337,10.522878745280337
ZC3H10,ENSG00000135482,2,2,2,1e-08,age of onset of type 1 diabetes mellitus; Age of onset of type 1 diabetes; systemic sclerosis; Systemic sclerosis,GCST90432073|PMID:38453145|Michalek DA,True,2,1e-08,T1D(1); other-autoimmune(1),8.0,8.0
DPH5,ENSG00000117543,2,7,2,6.000000000000001e-08,ulcerative colitis; Ulcerative colitis; inflammatory bowel disease; Inflammatory bowel disease,GCST003045|PMID:26192919|Liu JZ,True,2,6.000000000000001e-08,IBD(2),7.221848749616356,7.221848749616356
NSD1,ENSG00000165671,3,282,6,3e-22,lymphocyte count; Lymphocyte count; leukocyte quantity; Asthma; asthma,GCST90002316|PMID:32888493|Chen MH,True,1,1e-10,asthma-allergy(1),21.522878745280337,10.0
ZAP70,ENSG00000115085,3,33,2,3.0000000000000003e-13,eosinophil count; Eosinophil count; Graves' disease; Graves disease,GCST90056180|PMID:34469753|Kachuri L,True,1,2e-08,other-autoimmune(1),12.522878745280337,7.698970004336019
ARNT,ENSG00000143437,3,73,2,3e-12,childhood onset asthma; Asthma (childhood onset); leukocyte quantity,GCST009841|PMID:31669095|Zhu Z,True,1,3e-12,asthma-allergy(1),11.522878745280337,11.522878745280337
TMX1,ENSG00000139921,3,12,1,7e-06,Response to cyclophosphamide in systemic lupus erythematosus with lupus nephritis,GCST003445|PMID:26980576|Kim K,True,1,7e-06,SLE(1),5.154901959985743,5.154901959985743
CCDC12,ENSG00000160799,2,83,12,2e-54,leukocyte quantity; lymphocyte count; Lymphocyte count; Platelet-to-lymphocyte ratio; platelet-to-lymphocyte ratio; Macrophage inflammatory protein 1b levels; neutrophil-to-lymphocyte ratio; Neutrophil-to-lymphocyte ratio; Graves' disease; Graves disease,GCST90085815|PMID:34469753|Kachuri L,True,1,1e-08,other-autoimmune(1),53.69897000433602,8.0
GTF3C5,ENSG00000148308,2,44,5,7e-28,"eosinophil (absolute count, maximum, inv-norm transformed); eosinophil count; eosinophil percentage of leukocytes; Type 1 diabetes; type 1 diabetes mellitus",GCST90475288|PMID:39024449|Verma A,True,1,4e-17,T1D(1),27.154901959985743,16.397940008672037
EGR2,ENSG00000122877,2,161,14,8e-28,eosinophil count; Eosinophil count; eosinophil percentage of leukocytes; Platelet-to-lymphocyte ratio; platelet-to-lymphocyte ratio; lymphocyte count; Lymphocyte count; Lymphocyte count (UKB data field 30120); Eosinophil percentage of white cells; atopic eczema; Atopic dermatitis,GCST007065|PMID:30595370|Kichaev G,True,1,3.0000000000000004e-09,asthma-allergy(1),27.096910013008056,8.522878745280337
STK11,ENSG00000118046,2,33,6,8e-22,"lymphocyte count; Lymphocyte count; lymphocyte percentage of leukocytes; Lymphocyte percentage of white cells; Lymphocyte count (UKB data field 30120); Lymphocyte percentage (UKB data field 30180); Crohn disease; ankylosing spondylitis; psoriasis; Chronic inflammatory diseases (ankylosing spondylitis, Crohn's disease, psoriasis, primary sclerosing cholangitis, ulcerative colitis) (pleiotropy); ulcerative colitis",GCST90002388|PMID:32888494|Vuckovic D,True,1,4e-09,IBD(1); other-autoimmune(1); psoriasis(1),21.096910013008056,8.397940008672037
DDX39B,ENSG00000198563,2,34,3,5.0000000000000005e-17,lymphocyte percentage of leukocytes; Lymphocyte percentage (UKB data field 30180); Lymphocyte side fluorescence; lymphocyte amount; atopic eczema; Atopic dermatitis,GCST90468083|PMID:39789286|Loya H,True,1,2e-06,asthma-allergy(1),16.30102999566398,5.698970004336019
NRBP1,ENSG00000115216,2,70,1,5e-16,Crohn disease; Crohn's disease,GCST001729|PMID:23128233|Jostins L,True,1,5e-16,IBD(1),15.301029995663981,15.301029995663981
MAX,ENSG00000125952,2,188,13,2e-14,"eosinophil count; Eosinophil count; leukocyte quantity; Leukocyte telomere length; eosinophil (absolute count, maximum, inv-norm transformed); eosinophil (absolute count, mean, inv-norm transformed); Eosinophil percentage of white cells; eosinophil percentage of leukocytes; Asthma or chronic rhinosinusitis; asthma",GCST90002298|PMID:32888493|Chen MH,True,1,2e-08,asthma-allergy(1),13.698970004336019,7.698970004336019
METTL1,ENSG00000037897,2,9,1,4.9999999999999995e-11,multiple sclerosis; Multiple sclerosis,GCST000425|PMID:19525955|Bahlo M,True,1,4.9999999999999995e-11,MS(1),10.301029995663981,10.301029995663981
CYCS,ENSG00000172115,2,15,2,8e-10,lymphocyte count; T cell lymphocyte profile difference (90 days post influenza vaccination); systemic lupus erythematosus; Systemic lupus erythematosus,GCST011879|PMID:33230199|Okada D,True,1,2e-06,SLE(1),9.096910013008056,5.698970004336019
IFNGR1,ENSG00000027697,2,52,1,4e-09,Graves' disease; Graves disease,GCST90627745|PMID:41644669|White SL,True,1,4e-09,other-autoimmune(1),8.397940008672037,8.397940008672037
MTX2,ENSG00000128654,2,31,1,4e-09,alopecia,GCST006661|PMID:28196072|Hagenaars SP,True,1,4e-09,other-autoimmune(1),8.397940008672037,8.397940008672037
SCAF4,ENSG00000156304,2,46,1,4e-09,Joint damage progression in ACPA-negative rheumatoid arthritis,GCST003256|PMID:26077402|de Rooy DP,True,1,4e-09,RA(1),8.397940008672037,8.397940008672037
ARID4B,ENSG00000054267,2,25,2,9.000000000000001e-09,Lymphocyte-to-monocyte ratio; lymphocyte:monocyte ratio; Asthma; asthma,GCST90056181|PMID:34469753|Kachuri L,True,1,3e-06,asthma-allergy(1),8.045757490560675,5.522878745280337
RTRAF,ENSG00000087302,2,7,1,1e-08,Graves' disease; Graves disease,GCST90627744|PMID:41644669|White SL,True,1,1e-08,other-autoimmune(1),8.0,8.0
IRF2BP1,ENSG00000170604,2,95,1,2e-08,Graves' disease; Graves disease,GCST90627744|PMID:41644669|White SL,True,1,2e-08,other-autoimmune(1),7.698970004336019,7.698970004336019
MED15,ENSG00000099917,2,13,1,2e-08,Psoriasis; psoriasis,GCST90472771|PMID:40021644|Dand N,True,1,2e-08,psoriasis(1),7.698970004336019,7.698970004336019
EPB41L3,ENSG00000082397,2,63,1,7e-08,vasculitis; Kawasaki disease or immunoglobulin A vasculitis (pleiotropy),GCST90095078|PMID:33993232|Carmona EG,True,1,7e-08,other-autoimmune(1),7.154901959985743,7.154901959985743
FANCL,ENSG00000115392,2,18,1,7e-08,juvenile idiopathic arthritis; Arthritis (juvenile idiopathic),GCST90239777|PMID:35347896|Li J,True,1,7e-08,other-autoimmune(1),7.154901959985743,7.154901959985743
SEC14L1,ENSG00000129657,2,14,1,2e-07,Autoimmune hypothyroidism; autoimmune thyroid disease,GCST90837324|PMID:41748903|Reeve MP,True,1,2e-07,other-autoimmune(1),6.698970004336019,6.698970004336019
SMPD1,ENSG00000166311,2,25,1,2e-07,Diisocyanate-induced asthma; asthma,GCST002875|PMID:25918132|Yucesoy B,True,1,2e-07,asthma-allergy(1),6.698970004336019,6.698970004336019
ATF7IP2,ENSG00000166669,2,36,1,1e-06,Subjective response to placebo treatment in childhood asthma (change in cough/wheeze),GCST009277|PMID:31557306|Wang RS,True,1,1e-06,asthma-allergy(1),6.0,6.0
AEBP2,ENSG00000139154,2,38,1,2e-06,Crohn disease; Crohn's disease (Tractor method with Amerindian ancestry),GCST90825982|PMID:41661118|Beecham AH,True,1,2e-06,IBD(1),5.698970004336019,5.698970004336019
GTF2H5,ENSG00000272047,2,12,1,4.9999999999999996e-06,systemic sclerosis; Systemic sclerosis,GCST005336|PMID:29293537|Gorlova OY,True,1,4.9999999999999996e-06,other-autoimmune(1),5.301029995663981,5.301029995663981
PHIP,ENSG00000146247,2,41,1,6e-06,Sjogren syndrome,GCST004879|PMID:24097067|Lessard CJ,True,1,6e-06,other-autoimmune(1),5.221848749616356,5.221848749616356
TSC1,ENSG00000165699,2,11,1,6e-06,Psoriasis; psoriasis,GCST000322|PMID:19169254|Nair RP,True,1,6e-06,psoriasis(1),5.221848749616356,5.221848749616356
UFM1,ENSG00000120686,2,6,1,8e-06,Crohn's disease (Tractor method with European ancestry); Crohn disease,GCST90825978|PMID:41661118|Beecham AH,True,1,8e-06,IBD(1),5.096910013008056,5.096910013008056
COASY,ENSG00000068120,2,32,1,1e-05,Crohn's disease (Tractor method with European ancestry); Crohn disease,GCST90825978|PMID:41661118|Beecham AH,True,1,1e-05,IBD(1),5.0,5.0
ELOB,ENSG00000103363,3,8,3,1e-45,eosinophil count; Eosinophil count; Sum eosinophil basophil counts,GCST90002298|PMID:32888493|Chen MH,True,0,,,45.0,
TADA2B,ENSG00000173011,3,34,6,4e-31,Lymphocyte-to-monocyte ratio; lymphocyte:monocyte ratio; Leukocyte telomere length; lymphocyte percentage of leukocytes; Lymphocyte percentage of white cells; myeloid leukocyte count; eosinophil count; Sum neutrophil eosinophil counts,GCST90056181|PMID:34469753|Kachuri L,True,0,,,30.397940008672037,
CARMIL2,ENSG00000159753,3,19,6,3e-27,lymphocyte count; Lymphocyte count; eosinophil count; Eosinophil count; inflammatory biomarker measurement; Inflammatory markers and poor diet (confirmatory factor analysis Factor 30),GCST90002316|PMID:32888493|Chen MH,True,0,,,26.522878745280337,
TADA1,ENSG00000152382,3,22,6,9e-25,leukocyte quantity; myeloid leukocyte count,GCST90662906|PMID:40436827|Jee YH,True,0,,,24.045757490560675,
CPSF6,ENSG00000111605,3,75,2,2e-23,lymphocyte amount; Lymphocyte-to-monocyte ratio; lymphocyte:monocyte ratio,GCST90309369|PMID:38965376|Carey CE,True,0,,,22.69897000433602,
VPS45,ENSG00000136631,3,29,2,2e-21,leukocyte quantity,GCST90026503|PMID:34107879|Hu Y,True,0,,,20.69897000433602,
TNPO1,ENSG00000083312,3,137,2,3.0000000000000003e-13,lymphocyte count; Lymphocyte count; leukocyte quantity,GCST90002320|PMID:32888493|Chen MH,True,0,,,12.522878745280337,
WAC,ENSG00000095787,3,46,1,1e-12,eosinophil count; Eosinophil count,GCST90134621|PMID:35935937|Hoglund J,True,0,,,12.0,
TRIP12,ENSG00000153827,3,76,1,6.999999999999999e-11,lymphocyte count; Lymphocyte count,GCST90018962|PMID:34594039|Sakaue S,True,0,,,10.154901959985743,
SEL1L,ENSG00000071537,3,13,4,1e-10,lymphocyte count; Lymphocyte count,GCST90002316|PMID:32888493|Chen MH,True,0,,,10.0,
NAF1,ENSG00000145414,2,42,10,2e-74,Leukocyte telomere length; Leukocyte telomere length or severe COVID-19 infection (MTAG); Leukocyte telomere length or COVID-19 infection (MTAG),GCST90709782|PMID:38837026|Liu WS,True,0,,,73.69897000433602,
PPP4C,ENSG00000149923,2,17,4,2e-36,eosinophil percentage of leukocytes; eosinophil count; Eosinophil count; Eosinophil percentage of white cells,GCST90002382|PMID:32888494|Vuckovic D,True,0,,,35.69897000433602,
SMG9,ENSG00000105771,2,37,6,6e-34,lymphocyte count; Lymphocyte count,GCST90002316|PMID:32888493|Chen MH,True,0,,,33.221848749616356,
ENO1,ENSG00000074800,2,58,12,1e-31,leukocyte quantity; myeloid leukocyte count; eosinophil count; Sum neutrophil eosinophil counts; inflammatory biomarker measurement; Inflammatory markers and poor diet (confirmatory factor analysis Factor 30),GCST90002374|PMID:32888493|Chen MH,True,0,,,31.0,
ATG14,ENSG00000126775,2,20,6,2e-24,eosinophil count; Eosinophil count; eosinophil percentage of leukocytes; Eosinophil percentage of white cells; leukocyte quantity,GCST90002298|PMID:32888493|Chen MH,True,0,,,23.69897000433602,
AHR,ENSG00000106546,2,282,10,6e-23,"eosinophil count; Eosinophil count; eosinophil percentage of leukocytes; Eosinophil percentage of white cells; eosinophil (fraction, mean, inv-norm transformed)",GCST007065|PMID:30595370|Kichaev G,True,0,,,22.221848749616356,
FNBP4,ENSG00000109920,2,54,1,2e-22,leukocyte quantity,GCST90480725|PMID:39024449|Verma A,True,0,,,21.69897000433602,
SRP9,ENSG00000143742,2,57,6,3.0000000000000002e-18,lymphocyte count; Lymphocyte count; Lymphocyte count (UKB data field 30120); leukocyte quantity,GCST90002316|PMID:32888493|Chen MH,True,0,,,17.522878745280337,
HEATR3,ENSG00000155393,2,50,3,1e-16,leukocyte quantity,GCST90662906|PMID:40436827|Jee YH,True,0,,,16.0,
TNRC6A,ENSG00000090905,2,222,3,1e-15,leukocyte quantity,GCST90662906|PMID:40436827|Jee YH,True,0,,,15.0,
LETM2,ENSG00000165046,2,27,2,2e-15,lymphocyte count; Lymphocyte count,GCST90002316|PMID:32888493|Chen MH,True,0,,,14.698970004336019,
CCNT1,ENSG00000129315,2,11,3,1e-14,leukocyte quantity; myeloid leukocyte count,GCST007070|PMID:30595370|Kichaev G,True,0,,,14.0,
CREBBP,ENSG00000005339,2,36,2,6.000000000000001e-13,leukocyte quantity,GCST90002407|PMID:32888494|Vuckovic D,True,0,,,12.221848749616356,
VPS8,ENSG00000156931,2,27,3,6.000000000000001e-13,myeloid leukocyte count; Systemic inflammatory response syndrome (SIRS) (PheCode 994.1); systemic inflammatory response syndrome,GCST90480648|PMID:39024449|Verma A,True,0,,,12.221848749616356,
USP7,ENSG00000187555,2,162,11,9e-13,lymphocyte count; Lymphocyte count; Leukocyte telomere length; leukocyte quantity; eosinophil count; Eosinophil count; Lymphocyte count (UKB data field 30120),GCST90468082|PMID:39789286|Loya H,True,0,,,12.045757490560675,
CDC25B,ENSG00000101224,2,21,2,3e-12,lymphocyte amount; lymphocyte percentage of leukocytes; Lymphocyte percentage (UKB data field 30180),GCST90309369|PMID:38965376|Carey CE,True,0,,,11.522878745280337,
UBE2F,ENSG00000184182,2,18,7,3e-12,eosinophil count; Eosinophil count; leukocyte quantity,GCST90662906|PMID:40436827|Jee YH,True,0,,,11.522878745280337,
TFAP4,ENSG00000090447,2,83,1,6e-12,"lymphocyte count; lymphocyte (absolute count, maximum, inv-norm transformed)",GCST90475423|PMID:39024449|Verma A,True,0,,,11.221848749616356,
ANP32B,ENSG00000136938,2,102,3,7e-12,eosinophil count; Eosinophil count,GCST90002381|PMID:32888494|Vuckovic D,True,0,,,11.154901959985743,
LIG3,ENSG00000005156,2,16,1,3e-11,Macrophage inflammatory protein 1b levels,GCST004433|PMID:27989323|Ahola-Olli AV,True,0,,,10.522878745280337,
RBCK1,ENSG00000125826,2,17,2,3e-11,eosinophil count; Eosinophil count,GCST90002302|PMID:32888493|Chen MH,True,0,,,10.522878745280337,
KMT2E,ENSG00000005483,2,53,2,4.9999999999999995e-11,myeloid leukocyte count,GCST90002374|PMID:32888493|Chen MH,True,0,,,10.301029995663981,
DHX30,ENSG00000132153,2,6,1,8e-11,Leukocyte telomere length,GCST90709782|PMID:38837026|Liu WS,True,0,,,10.096910013008056,
CSDE1,ENSG00000009307,2,13,1,1e-10,leukocyte quantity,GCST90101726|PMID:34925446|Soremekun O,True,0,,,10.0,
HMGXB3,ENSG00000113716,2,20,1,5e-10,lymphocyte amount,GCST90309369|PMID:38965376|Carey CE,True,0,,,9.301029995663981,
GAB2,ENSG00000033327,2,123,1,1e-09,lymphocyte count; Lymphocyte count,GCST90018962|PMID:34594039|Sakaue S,True,0,,,9.0,
VAV1,ENSG00000141968,2,51,1,4e-09,lymphocyte count; Lymphocyte count,GCST90002388|PMID:32888494|Vuckovic D,True,0,,,8.397940008672037,
MIA2,ENSG00000150527,2,48,1,1e-08,leukocyte quantity,GCST007070|PMID:30595370|Kichaev G,True,0,,,8.0,
NCAPG2,ENSG00000146918,2,12,1,1e-08,Leukocyte telomere length,GCST90709782|PMID:38837026|Liu WS,True,0,,,8.0,
WAPL,ENSG00000062650,2,25,2,1e-08,leukocyte quantity; Amyotrophic lateral sclerosis (sporadic); sporadic amyotrophic lateral sclerosis,GCST90662906|PMID:40436827|Jee YH,True,0,,,8.0,
NFKB2,ENSG00000077150,2,5,1,2e-08,lymphocyte count; Lymphocyte count,GCST90018962|PMID:34594039|Sakaue S,True,0,,,7.698970004336019,
STIP1,ENSG00000168439,2,32,1,3.0000000000000004e-08,lymphocyte count; Lymphocyte count,GCST90018742|PMID:34594039|Sakaue S,True,0,,,7.522878745280337,
WDR59,ENSG00000103091,2,26,1,4e-08,eosinophil count; Eosinophil count,GCST007065|PMID:30595370|Kichaev G,True,0,,,7.3979400086720375,
EIF4G2,ENSG00000110321,2,1,1,2e-06,Sputum eosinophil percentage in COPD; eosinophil percentage of leukocytes,GCST90827699|PMID:38622589|Gao J,True,0,,,5.698970004336019,
COX6C,ENSG00000164919,2,12,1,9e-06,Leukocyte telomere length,GCST009856|PMID:32109421|Li C,True,0,,,5.045757490560675,
LAT,ENSG00000213658,4,19,0,,,,False,0,,,,
PLCG1,ENSG00000124181,4,57,0,,,,False,0,,,,
SENP5,ENSG00000119231,4,3,0,,,,False,0,,,,
BCL10,ENSG00000142867,3,2,0,,,,False,0,,,,
CCNC,ENSG00000112237,3,1,0,,,,False,0,,,,
CHD4,ENSG00000111642,3,42,0,,,,False,0,,,,
CLCC1,ENSG00000121940,3,7,0,,,,False,0,,,,
CYB5R4,ENSG00000065615,3,13,0,,,,False,0,,,,
EIF4G1,ENSG00000114867,3,18,0,,,,False,0,,,,
GNPAT,ENSG00000116906,3,9,0,,,,False,0,,,,
GTF3C6,ENSG00000155115,3,8,0,,,,False,0,,,,
KDM1A,ENSG00000004487,3,19,0,,,,False,0,,,,
LEO1,ENSG00000166477,3,12,0,,,,False,0,,,,
MAEA,ENSG00000090316,3,21,0,,,,False,0,,,,
MED12,ENSG00000184634,3,8,0,,,,False,0,,,,
MEN1,ENSG00000133895,3,10,0,,,,False,0,,,,
MTA2,ENSG00000149480,3,17,0,,,,False,0,,,,
NDUFAF3,ENSG00000178057,3,0,0,,,,False,0,,,,
PDCL,ENSG00000136940,3,5,0,,,,False,0,,,,
PGGT1B,ENSG00000164219,3,12,0,,,,False,0,,,,
POLG,ENSG00000140521,3,9,0,,,,False,0,,,,
RNF20,ENSG00000155827,3,1,0,,,,False,0,,,,
SIK3,ENSG00000160584,3,1390,0,,,,False,0,,,,
SKIC8,ENSG00000140395,3,32,0,,,,False,0,,,,
SMARCB1,ENSG00000099956,3,140,0,,,,False,0,,,,
SUPT20H,ENSG00000102710,3,8,0,,,,False,0,,,,
TAF6L,ENSG00000162227,3,2,0,,,,False,0,,,,
TOMM70,ENSG00000154174,3,7,0,,,,False,0,,,,
UBXN1,ENSG00000162191,3,7,0,,,,False,0,,,,
ACLY,ENSG00000131473,2,8,0,,,,False,0,,,,
AKR1C3,ENSG00000196139,2,46,0,,,,False,0,,,,
ALG1,ENSG00000033011,2,12,0,,,,False,0,,,,
ALKBH2,ENSG00000189046,2,1,0,,,,False,0,,,,
AP2A1,ENSG00000196961,2,3,0,,,,False,0,,,,
APC,ENSG00000134982,2,52,0,,,,False,0,,,,
ARPC1B,ENSG00000130429,2,52,0,,,,False,0,,,,
ATAD3A,ENSG00000197785,2,4,0,,,,False,0,,,,
ATAD5,ENSG00000176208,2,137,0,,,,False,0,,,,
ATP5F1A,ENSG00000152234,2,4,0,,,,False,0,,,,
ATXN7L3,ENSG00000087152,2,7,0,,,,False,0,,,,
BAP1,ENSG00000163930,2,1,0,,,,False,0,,,,
BRPF1,ENSG00000156983,2,2,0,,,,False,0,,,,
BTAF1,ENSG00000095564,2,26,0,,,,False,0,,,,
C18orf32,ENSG00000177576,2,1,0,,,,False,0,,,,
CAMK1,ENSG00000134072,2,0,0,,,,False,0,,,,
CARS2,ENSG00000134905,2,12,0,,,,False,0,,,,
CBFB,ENSG00000067955,2,16,0,,,,False,0,,,,
CCDC134,ENSG00000100147,2,16,0,,,,False,0,,,,
CCDC22,ENSG00000101997,2,0,0,,,,False,0,,,,
CD3G,ENSG00000160654,2,5,0,,,,False,0,,,,
CEP135,ENSG00000174799,2,9,0,,,,False,0,,,,
CLPB,ENSG00000162129,2,28,0,,,,False,0,,,,
COMMD5,ENSG00000170619,2,7,0,,,,False,0,,,,
CROT,ENSG00000005469,2,14,0,,,,False,0,,,,
CTPS1,ENSG00000171793,2,40,0,,,,False,0,,,,
CXXC1,ENSG00000154832,2,7,0,,,,False,0,,,,
DCK,ENSG00000156136,2,10,0,,,,False,0,,,,
DENR,ENSG00000139726,2,17,0,,,,False,0,,,,
DHX36,ENSG00000174953,2,24,0,,,,False,0,,,,
DIS3L,ENSG00000166938,2,21,0,,,,False,0,,,,
DLAT,ENSG00000150768,2,5,0,,,,False,0,,,,
DNAAF2,ENSG00000165506,2,7,0,,,,False,0,,,,
DNTTIP1,ENSG00000101457,2,15,0,,,,False,0,,,,
DOHH,ENSG00000129932,2,2,0,,,,False,0,,,,
DOLPP1,ENSG00000167130,2,22,0,,,,False,0,,,,
DOP1B,ENSG00000142197,2,23,0,,,,False,0,,,,
E2F4,ENSG00000205250,2,15,0,,,,False,0,,,,
ECSIT,ENSG00000130159,2,3,0,,,,False,0,,,,
ELAVL1,ENSG00000066044,2,25,0,,,,False,0,,,,
FAM204A,ENSG00000165669,2,6,0,,,,False,0,,,,
FBXO32,ENSG00000156804,2,51,0,,,,False,0,,,,
FLCN,ENSG00000154803,2,12,0,,,,False,0,,,,
FZD6,ENSG00000164930,2,1,0,,,,False,0,,,,
GABPB1,ENSG00000104064,2,7,0,,,,False,0,,,,
GET1,ENSG00000182093,2,6,0,,,,False,0,,,,
GJC1,ENSG00000182963,2,44,0,,,,False,0,,,,
GNE,ENSG00000159921,2,7,0,,,,False,0,,,,
GNG5,ENSG00000174021,2,1,0,,,,False,0,,,,
GNPNAT1,ENSG00000100522,2,20,0,,,,False,0,,,,
GOLT1B,ENSG00000111711,2,8,0,,,,False,0,,,,
GPI,ENSG00000105220,2,4,0,,,,False,0,,,,
GPT2,ENSG00000166123,2,2,0,,,,False,0,,,,
GRSF1,ENSG00000132463,2,3,0,,,,False,0,,,,
GSS,ENSG00000100983,2,72,0,,,,False,0,,,,
HCCS,ENSG00000004961,2,1,0,,,,False,0,,,,
HMBS,ENSG00000256269,2,40,0,,,,False,0,,,,
HNRNPM,ENSG00000099783,2,13,0,,,,False,0,,,,
IBA57,ENSG00000181873,2,2,0,,,,False,0,,,,
IMPDH2,ENSG00000178035,2,5,0,,,,False,0,,,,
INO80B,ENSG00000115274,2,5,0,,,,False,0,,,,
INTS10,ENSG00000104613,2,634,0,,,,False,0,,,,
INTS14,ENSG00000138614,2,4,0,,,,False,0,,,,
INTS15,ENSG00000146576,2,2,0,,,,False,0,,,,
IST1,ENSG00000182149,2,49,0,,,,False,0,,,,
JUNB,ENSG00000171223,2,1,0,,,,False,0,,,,
KDM8,ENSG00000155666,2,7,0,,,,False,0,,,,
KTN1,ENSG00000126777,2,84,0,,,,False,0,,,,
LCK,ENSG00000182866,2,3,0,,,,False,0,,,,
LIN7C,ENSG00000148943,2,10,0,,,,False,0,,,,
LMTK2,ENSG00000164715,2,63,0,,,,False,0,,,,
LRPPRC,ENSG00000138095,2,95,0,,,,False,0,,,,
MEST,ENSG00000106484,2,3,0,,,,False,0,,,,
MIPEP,ENSG00000027001,2,23,0,,,,False,0,,,,
MMGT1,ENSG00000169446,2,0,0,,,,False,0,,,,
MPG,ENSG00000103152,2,11,0,,,,False,0,,,,
MPI,ENSG00000178802,2,17,0,,,,False,0,,,,
MTCH2,ENSG00000109919,2,192,0,,,,False,0,,,,
MTPAP,ENSG00000107951,2,5,0,,,,False,0,,,,
N6AMT1,ENSG00000156239,2,0,0,,,,False,0,,,,
NAA30,ENSG00000139977,2,19,0,,,,False,0,,,,
NAB2,ENSG00000166886,2,8,0,,,,False,0,,,,
NCKAP1L,ENSG00000123338,2,5,0,,,,False,0,,,,
NDFIP2,ENSG00000102471,2,3,0,,,,False,0,,,,
NDRG1,ENSG00000104419,2,24,0,,,,False,0,,,,
NDUFA9,ENSG00000139180,2,5,0,,,,False,0,,,,
NFRKB,ENSG00000170322,2,10,0,,,,False,0,,,,
NXT1,ENSG00000132661,2,1,0,,,,False,0,,,,
ORAI1,ENSG00000276045,2,12,0,,,,False,0,,,,
OXA1L,ENSG00000155463,2,1,0,,,,False,0,,,,
PARP2,ENSG00000129484,2,4,0,,,,False,0,,,,
PCGF1,ENSG00000115289,2,5,0,,,,False,0,,,,
PDHA1,ENSG00000131828,2,8,0,,,,False,0,,,,
PDSS2,ENSG00000164494,2,38,0,,,,False,0,,,,
PGAP2,ENSG00000148985,2,3,0,,,,False,0,,,,
PITRM1,ENSG00000107959,2,12,0,,,,False,0,,,,
PKM,ENSG00000067225,2,9,0,,,,False,0,,,,
PMVK,ENSG00000163344,2,42,0,,,,False,0,,,,
POLRMT,ENSG00000099821,2,7,0,,,,False,0,,,,
PPCS,ENSG00000127125,2,2,0,,,,False,0,,,,
PPP1R14B,ENSG00000173457,2,2,0,,,,False,0,,,,
PPP3R1,ENSG00000221823,2,38,0,,,,False,0,,,,
PRKAR1A,ENSG00000108946,2,62,0,,,,False,0,,,,
QRSL1,ENSG00000130348,2,6,0,,,,False,0,,,,
RAB11FIP1,ENSG00000156675,2,2,0,,,,False,0,,,,
RAP2A,ENSG00000125249,2,7,0,,,,False,0,,,,
RB1CC1,ENSG00000023287,2,25,0,,,,False,0,,,,
RBFA,ENSG00000101546,2,0,0,,,,False,0,,,,
RICTOR,ENSG00000164327,2,31,0,,,,False,0,,,,
RNASEH2A,ENSG00000104889,2,6,0,,,,False,0,,,,
RNFT2,ENSG00000135119,2,42,0,,,,False,0,,,,
SEC23A,ENSG00000100934,2,19,0,,,,False,0,,,,
SIN3B,ENSG00000127511,2,3,0,,,,False,0,,,,
SLC35B1,ENSG00000121073,2,6,0,,,,False,0,,,,
SMARCA5,ENSG00000153147,2,7,0,,,,False,0,,,,
SMG1,ENSG00000157106,2,11,0,,,,False,0,,,,
SND1,ENSG00000197157,2,175,0,,,,False,0,,,,
SPAG7,ENSG00000091640,2,3,0,,,,False,0,,,,
STRAP,ENSG00000023734,2,0,0,,,,False,0,,,,
TAF13,ENSG00000197780,2,12,0,,,,False,0,,,,
TFAM,ENSG00000108064,2,43,0,,,,False,0,,,,
TFB1M,ENSG00000029639,2,26,0,,,,False,0,,,,
TFG,ENSG00000114354,2,6,0,,,,False,0,,,,
THAP11,ENSG00000168286,2,2,0,,,,False,0,,,,
TIMM10,ENSG00000134809,2,1,0,,,,False,0,,,,
TIMP1,ENSG00000102265,2,0,0,,,,False,0,,,,
TMED9,ENSG00000184840,2,11,0,,,,False,0,,,,
TMEM234,ENSG00000160055,2,1,0,,,,False,0,,,,
TOR1A,ENSG00000136827,2,9,0,,,,False,0,,,,
TPST2,ENSG00000128294,2,13,0,,,,False,0,,,,
UFL1,ENSG00000014123,2,2,0,,,,False,0,,,,
UQCRC2,ENSG00000140740,2,2,0,,,,False,0,,,,
USP22,ENSG00000124422,2,7,0,,,,False,0,,,,
UTP23,ENSG00000147679,2,10,0,,,,False,0,,,,
VBP1,ENSG00000155959,2,6,0,,,,False,0,,,,
WAS,ENSG00000015285,2,3,0,,,,False,0,,,,
WDR24,ENSG00000127580,2,25,0,,,,False,0,,,,
WDR82,ENSG00000164091,2,27,0,,,,False,0,,,,
XIAP,ENSG00000101966,2,3,0,,,,False,0,,,,
YTHDF2,ENSG00000198492,2,7,0,,,,False,0,,,,
ZBTB14,ENSG00000198081,2,9,0,,,,False,0,,,,
ZMYM2,ENSG00000121741,2,22,0,,,,False,0,,,,
ZNF613,ENSG00000176024,2,6,0,,,,False,0,,,,
ZNF622,ENSG00000173545,2,1,0,,,,False,0,,,,
ZNF649,ENSG00000198093,2,6,0,,,,False,0,,,,
